[
  {
    "name": "Ali Hassan",
    "id": "202101234",
    "email": "202101234@stu.uob.edu.bh"
  },
  {
    "name": "Fatema Ahmed",
    "id": "202205678",
    "email": "202205678@stu.uob.edu.bh"
  },
  {
    "name": "Mohamed Abdulla",
    "id": "202311001",
    "email": "202311001@stu.uob.edu.bh"
  },
  {
    "name": "Noora Salman",
    "id": "202100987",
    "email": "202100987@stu.uob.edu.bh"
  },
  {
    "name": "Zainab Ebrahim",
    "id": "202207766",
    "email": "202207766@stu.uob.edu.bh"
  }
]
